{
    "rmse": 0.6972335640817015,
    "mae": 0.5471934709406919,
    "r2": 0.23736856329351086
}