{
    "rmse": 0.7198437491467072,
    "mae": 0.5534184839656597,
    "r2": 0.23344055152100684
}