{
    "rmse": 0.6874659771536556,
    "mae": 0.5402804454643516,
    "r2": 0.2455675872832468
}